Timestamp,User Count,Type,Name,Requests/s,Failures/s,50%,66%,75%,80%,90%,95%,98%,99%,99.9%,99.99%,100%,Total Request Count,Total Failure Count,Total Median Response Time,Total Average Response Time,Total Min Response Time,Total Max Response Time,Total Average Content Size
1660491271,0,,Aggregated,0.000000,0.000000,N/A,N/A,N/A,N/A,N/A,N/A,N/A,N/A,N/A,N/A,N/A,0,0,0,0,0,0,0
1660491272,200,,Aggregated,0.000000,0.000000,760,830,890,910,970,980,990,990,990,990,990,65,41,760.0,660.3118284307129,96.98599100011052,987.6244419992872,10295.36923076923
1660491273,200,,Aggregated,0.000000,0.000000,870,1300,1500,1500,1600,1700,1800,1800,1800,1800,1800,142,50,870.0,902.6485308802323,96.98599100011052,1811.3407529999677,28566.859154929578
1660491274,200,,Aggregated,0.000000,0.000000,1400,1700,2400,2400,2800,2800,2900,2900,2900,2900,2900,206,50,1400.0,1426.176845072767,96.98599100011052,2907.494879999831,25064.94660194175
1660491275,200,,Aggregated,39.000000,25.000000,1500,1800,2400,2400,2800,2900,3200,3900,3900,3900,3900,213,52,1500.0,1480.5951268591075,96.98599100011052,3912.456383999597,154919.91549295775
1660491276,200,,Aggregated,47.666667,16.666667,1600,2400,2800,2900,4300,4400,4500,4500,4500,4500,4500,298,59,1600.0,1888.1907806241281,96.98599100011052,4476.51872500046,313075.4597315436
1660491277,200,,Aggregated,51.500000,12.500000,1700,2400,2800,2900,4300,4400,4500,4500,4500,4500,4500,326,69,1700.0,1957.130671610398,19.530542999746103,4476.51872500046,418000.5766871166
1660491278,200,,Aggregated,43.000000,10.600000,1900,2600,2900,3600,4300,4500,4700,4800,5200,5200,5200,373,76,1900.0,2088.3480395227607,3.9313639999818406,5199.446378000175,453094.5656836461
1660491279,200,,Aggregated,49.833333,9.833333,1900,2600,2900,3600,4300,4500,4700,4800,5200,5200,5200,376,78,1800.0,2071.846355989332,3.825271999630786,5199.446378000175,450044.0106382979
1660491280,200,,Aggregated,47.000000,10.000000,1900,2600,3100,3700,4400,4500,5800,6800,7200,7200,7200,389,81,1900.0,2154.2847267763163,3.825271999630786,7158.093767999162,438972.8406169666
1660491281,200,,Aggregated,46.625000,9.500000,1900,2800,3200,3900,4400,4700,6200,7100,7700,7700,7700,400,87,1900.0,2215.5247367549646,3.825271999630786,7687.853860000359,497228.22
1660491282,200,,Aggregated,41.777778,8.666667,2000,2800,3400,3900,4400,4800,6900,7200,9500,9500,9500,404,88,2000.0,2265.747342371253,3.825271999630786,9477.808024000296,561540.6089108911
1660491283,200,,Aggregated,38.900000,8.100000,2000,2800,3300,3900,4400,4800,6900,7200,9500,9500,9500,405,89,2000.0,2267.1649929333003,3.825271999630786,9477.808024000296,560177.0098765432
1660491284,200,,Aggregated,40.000000,8.700000,2000,2800,3400,3900,4400,4800,6900,7200,9500,9500,9500,406,90,2000.0,2272.3746916231194,3.825271999630786,9477.808024000296,558820.1280788177
1660491285,200,,Aggregated,40.000000,8.700000,2000,2800,3400,3900,4400,4800,6900,7200,9500,9500,9500,406,90,2000.0,2272.3746916231194,3.825271999630786,9477.808024000296,558820.1280788177
1660491286,200,,Aggregated,26.200000,3.900000,2100,2800,3700,4000,4500,5800,7500,8500,13000,13000,13000,417,98,2100.0,2416.463570242171,3.825271999630786,13183.934339999723,610979.5083932853
1660491287,200,,Aggregated,20.000000,4.000000,2100,2900,3700,4200,4600,6400,8800,12000,14000,14000,14000,423,99,2100.0,2536.195397609896,3.825271999630786,14369.69381200015,636670.2174940899
1660491288,200,,Aggregated,19.100000,3.700000,2200,2900,3800,4200,4700,6800,9500,12000,15000,15000,15000,426,101,2200.0,2584.8042379436324,3.825271999630786,15119.151432000763,664828.190140845
1660491289,200,,Aggregated,11.800000,3.900000,2200,2900,3900,4300,5200,7100,11000,12000,15000,15000,15000,433,103,2200.0,2689.8242330646376,3.825271999630786,15119.151432000763,654739.193995381
1660491290,200,,Aggregated,11.800000,3.900000,2200,2900,3900,4300,5200,7100,11000,12000,15000,15000,15000,433,103,2200.0,2689.8242330646376,3.825271999630786,15119.151432000763,654739.193995381
1660491291,200,,Aggregated,5.300000,2.500000,2400,3200,4200,4400,6600,9700,15000,17000,18000,18000,18000,454,112,2400.0,3095.672852136537,3.825271999630786,18012.303434000387,900434.1982378855
1660491293,200,,Aggregated,4.400000,2.200000,2400,3700,4300,4500,8200,15000,18000,19000,20000,20000,20000,477,118,2400.0,3613.981681528271,3.825271999630786,19705.768452000484,1207069.1132075472
1660491294,200,,Aggregated,4.400000,2.200000,2600,4000,4500,5800,11000,15000,18000,19000,20000,20000,20000,508,118,2500.0,4038.5183939999743,3.825271999630786,19795.834447000743,1166889.655511811
1660491295,200,,Aggregated,6.400000,3.000000,2600,4000,4500,6100,11000,15000,19000,20000,20000,20000,20000,513,119,2600.0,4163.768520138377,3.825271999630786,20337.78227699986,1236886.5536062378
1660491296,200,,Aggregated,10.300000,2.900000,2800,4300,6100,8300,15000,18000,20000,21000,22000,22000,22000,569,129,2800.0,4909.892970056212,3.825271999630786,22098.29034499944,1584577.5905096661
1660491297,200,,Aggregated,10.300000,2.900000,2800,4300,6100,8300,15000,18000,20000,21000,22000,22000,22000,570,129,2800.0,4901.377584075411,3.825271999630786,22098.29034499944,1582137.5175438595
1660491298,200,,Aggregated,10.300000,2.900000,2800,4300,6100,8300,15000,18000,20000,21000,22000,22000,22000,570,129,2800.0,4901.377584075411,3.825271999630786,22098.29034499944,1582137.5175438595
1660491299,200,,Aggregated,15.000000,3.800000,2800,4400,6400,8800,15000,19000,21000,22000,24000,24000,24000,578,129,2800.0,5116.206893261217,3.825271999630786,23754.838376999942,1657118.1453287196
1660491300,200,,Aggregated,15.300000,3.100000,2800,4400,6600,9500,15000,19000,21000,22000,24000,24000,24000,583,130,2800.0,5227.5812963739,3.825271999630786,23754.838376999942,1667494.9639794168
1660491301,200,,Aggregated,15.300000,3.100000,2800,4400,6600,9500,15000,19000,21000,22000,24000,24000,24000,583,130,2800.0,5227.5812963739,3.825271999630786,23754.838376999942,1667494.9639794168
1660491302,200,,Aggregated,15.200000,2.800000,2900,4500,7100,10000,16000,20000,22000,22000,27000,27000,27000,596,135,2900.0,5477.114085268429,3.825271999630786,26891.339386000254,1679751.062080537
1660491303,200,,Aggregated,15.200000,2.800000,2900,4500,7100,10000,16000,20000,22000,22000,27000,27000,27000,596,135,2900.0,5477.114085268429,3.825271999630786,26891.339386000254,1679751.062080537
1660491304,200,,Aggregated,15.000000,2.700000,2900,4500,7500,11000,17000,20000,22000,23000,27000,27000,27000,606,138,2900.0,5687.42374447852,3.825271999630786,27219.105100999514,1721867.382838284
1660491305,200,,Aggregated,14.200000,2.300000,3000,4800,8200,11000,17000,21000,22000,24000,27000,27000,27000,622,149,3000.0,5845.062730778104,3.825271999630786,27219.105100999514,1744959.3922829581
1660491306,200,,Aggregated,12.800000,1.700000,3100,5100,8300,11000,17000,21000,23000,24000,27000,27000,27000,625,149,3100.0,5940.60967878077,3.825271999630786,27219.105100999514,1803234.1184
1660491307,200,,Aggregated,11.400000,3.100000,3200,5300,8600,11000,17000,21000,23000,25000,27000,27000,27000,637,153,3200.0,6073.576499822574,3.825271999630786,27219.105100999514,1813426.054945055
1660491308,200,,Aggregated,6.900000,2.100000,3700,6300,10000,13000,19000,22000,26000,28000,30000,30000,30000,681,166,3700.0,6593.761036737118,3.825271999630786,29596.060144999683,2024758.6299559472
1660491309,200,,Aggregated,5.500000,2.000000,3800,6800,10000,12000,19000,22000,26000,27000,30000,30000,30000,708,168,3800.0,6695.545615792345,3.825271999630786,29596.060144999683,1991508.1765536724
1660491310,200,,Aggregated,10.400000,3.600000,3800,6800,10000,12000,19000,22000,26000,27000,30000,30000,30000,714,169,3800.0,6695.233041728265,3.825271999630786,29596.060144999683,1975552.5966386555
1660491311,200,,Aggregated,10.400000,3.600000,3800,6800,10000,12000,19000,22000,26000,27000,30000,30000,30000,714,169,3800.0,6695.233041728265,3.825271999630786,29596.060144999683,1975552.5966386555
1660491312,200,,Aggregated,12.700000,3.800000,3900,6900,10000,12000,19000,22000,27000,28000,30000,30000,30000,716,169,3800.0,6756.794114337964,3.825271999630786,29596.060144999683,2008819.8645251396
1660491313,200,,Aggregated,12.700000,3.800000,3900,7000,11000,13000,19000,23000,27000,28000,30000,30000,30000,730,176,3900.0,6872.239379131484,3.825271999630786,29596.060144999683,2028129.0465753425
1660491314,200,,Aggregated,12.700000,3.800000,3900,7000,11000,13000,19000,23000,27000,28000,30000,30000,30000,730,176,3900.0,6872.239379131484,3.825271999630786,29596.060144999683,2028129.0465753425
1660491315,200,,Aggregated,12.700000,3.800000,3900,7000,11000,13000,19000,23000,27000,28000,30000,30000,30000,730,176,3900.0,6872.239379131484,3.825271999630786,29596.060144999683,2028129.0465753425
1660491316,200,,Aggregated,13.400000,4.100000,4000,7100,11000,13000,20000,22000,27000,28000,30000,30000,30000,742,180,4000.0,7005.304113024235,3.825271999630786,29596.060144999683,2015950.9636118598
1660491317,200,,Aggregated,10.800000,2.700000,4200,7200,11000,13000,20000,23000,27000,28000,30000,30000,30000,756,186,4200.0,7125.040793801565,3.825271999630786,29596.060144999683,2034705.3267195767
1660491318,200,,Aggregated,10.800000,2.700000,4200,7200,11000,13000,20000,23000,27000,28000,30000,30000,30000,756,186,4200.0,7125.040793801565,3.825271999630786,29596.060144999683,2034705.3267195767
1660491319,200,,Aggregated,10.800000,2.700000,4200,7200,11000,13000,20000,23000,27000,28000,30000,30000,30000,756,186,4200.0,7125.040793801565,3.825271999630786,29596.060144999683,2034705.3267195767
1660491320,200,,Aggregated,10.800000,2.700000,4200,7200,11000,13000,20000,23000,27000,28000,30000,30000,30000,756,186,4200.0,7125.040793801565,3.825271999630786,29596.060144999683,2034705.3267195767
1660491321,200,,Aggregated,8.200000,2.100000,4300,7500,11000,14000,20000,23000,27000,28000,30000,30000,30000,762,186,4200.0,7221.4908422663875,3.825271999630786,29596.060144999683,2019656.7047244094
1660491322,200,,Aggregated,8.200000,2.100000,4300,7500,11000,14000,20000,23000,27000,28000,30000,30000,30000,762,186,4200.0,7221.4908422663875,3.825271999630786,29596.060144999683,2019656.7047244094
1660491323,200,,Aggregated,8.200000,2.100000,4300,7500,11000,14000,20000,23000,27000,28000,30000,30000,30000,762,186,4200.0,7221.4908422663875,3.825271999630786,29596.060144999683,2019656.7047244094
1660491324,200,,Aggregated,4.800000,1.700000,4300,7700,11000,14000,20000,23000,27000,28000,30000,30000,30000,768,189,4300.0,7306.929977011702,3.825271999630786,29596.060144999683,2058150.5104166667
1660491325,200,,Aggregated,4.700000,1.700000,4300,7800,11000,14000,20000,23000,27000,28000,30000,30000,30000,772,193,4300.0,7346.387046915785,3.825271999630786,29596.060144999683,2047534.615284974
1660491326,200,,Aggregated,4.700000,1.700000,4300,7800,11000,14000,20000,23000,27000,28000,30000,30000,30000,772,193,4300.0,7346.387046915785,3.825271999630786,29596.060144999683,2047534.615284974
1660491327,200,,Aggregated,3.800000,1.300000,4300,8300,12000,14000,20000,23000,27000,28000,30000,30000,30000,779,200,4300.0,7405.83315731192,3.825271999630786,29596.060144999683,2029219.1283697048
1660491328,200,,Aggregated,4.200000,1.700000,4300,8500,12000,15000,20000,23000,27000,28000,30000,30000,30000,789,201,4300.0,7580.3629140025205,3.825271999630786,29596.060144999683,2039564.3941698351
1660491329,200,,Aggregated,3.000000,1.300000,4400,9000,13000,15000,21000,24000,28000,29000,32000,32000,32000,802,204,4400.0,7808.980371509962,3.825271999630786,32190.047953999965,2042608.9264339153
1660491330,200,,Aggregated,3.000000,1.300000,4400,9000,13000,15000,21000,24000,28000,29000,32000,32000,32000,802,204,4400.0,7808.980371509962,3.825271999630786,32190.047953999965,2042608.9264339153
1660491331,200,,Aggregated,3.000000,1.300000,4400,9000,13000,15000,21000,24000,28000,29000,32000,32000,32000,802,204,4400.0,7808.980371509962,3.825271999630786,32190.047953999965,2042608.9264339153
1660491332,200,,Aggregated,3.000000,1.300000,4400,9000,13000,15000,21000,24000,28000,29000,32000,32000,32000,802,204,4400.0,7808.980371509962,3.825271999630786,32190.047953999965,2042608.9264339153
1660491333,200,,Aggregated,3.000000,1.300000,4400,9000,13000,15000,21000,24000,28000,29000,32000,32000,32000,802,204,4400.0,7808.980371509962,3.825271999630786,32190.047953999965,2042608.9264339153
1660491334,200,,Aggregated,4.000000,1.800000,4400,9300,13000,15000,21000,26000,28000,30000,40000,40000,40000,813,206,4400.0,8095.183746234917,3.825271999630786,39873.05095800002,2101178.7244772445
1660491335,200,,Aggregated,4.000000,1.800000,4400,9500,13000,15000,22000,26000,29000,34000,40000,40000,40000,821,209,4400.0,8309.990689965884,3.825271999630786,40194.360473000415,2165309.419001218
1660491336,200,,Aggregated,4.500000,1.700000,4500,10000,14000,17000,22000,28000,34000,39000,54000,54000,54000,840,210,4500.0,8867.337138907129,3.825271999630786,54327.57746900006,2298905.1023809523
1660491337,200,,Aggregated,4.500000,1.700000,4500,10000,14000,17000,22000,28000,34000,39000,54000,54000,54000,840,210,4500.0,8867.337138907129,3.825271999630786,54327.57746900006,2298905.1023809523
1660491338,200,,Aggregated,5.100000,1.700000,5400,12000,16000,20000,27000,34000,41000,48000,57000,57000,57000,894,215,5400.0,10402.046540043613,3.825271999630786,56700.51834500009,2689520.1230425057
1660491339,200,,Aggregated,5.100000,1.700000,6100,13000,18000,20000,27000,34000,41000,46000,57000,57000,57000,940,231,6100.0,10837.14310127871,3.825271999630786,56700.51834500009,2575112.071276596
1660491340,200,,Aggregated,6.100000,1.000000,6100,13000,18000,20000,27000,34000,41000,46000,57000,57000,57000,943,231,6100.0,10887.409327290548,3.825271999630786,56700.51834500009,2567387.171792153
1660491341,200,,Aggregated,6.100000,1.000000,6100,13000,18000,20000,27000,34000,41000,46000,57000,57000,57000,943,231,6100.0,10887.409327290548,3.825271999630786,56700.51834500009,2567387.171792153
1660491342,200,,Aggregated,13.800000,2.700000,6300,13000,18000,21000,28000,34000,40000,46000,57000,57000,57000,954,232,6300.0,11016.961783468536,3.825271999630786,56700.51834500009,2582295.2033542977
1660491343,200,,Aggregated,14.100000,2.700000,6400,13000,18000,21000,28000,34000,41000,48000,61000,61000,61000,965,234,6400.0,11215.530388428999,3.825271999630786,61410.56922000007,2668057.192746114
1660491344,200,,Aggregated,14.100000,2.700000,6400,13000,18000,21000,28000,34000,41000,48000,61000,61000,61000,971,236,6400.0,11216.722234232733,3.825271999630786,61410.56922000007,2666058.989701339
1660491345,200,,Aggregated,15.200000,2.800000,6400,13000,18000,21000,28000,34000,41000,48000,61000,61000,61000,984,242,6400.0,11278.595019086366,3.825271999630786,61410.56922000007,2687643.4918699185
1660491346,200,,Aggregated,15.800000,3.000000,6600,14000,19000,22000,28000,34000,40000,46000,57000,61000,61000,1016,253,6500.0,11427.337765536402,3.825271999630786,61410.56922000007,2714546.7913385825
1660491347,200,,Aggregated,15.800000,3.000000,6600,14000,19000,22000,28000,34000,40000,46000,57000,61000,61000,1026,255,6600.0,11488.330823330392,3.825271999630786,61410.56922000007,2742769.7495126706
1660491348,200,,Aggregated,17.700000,4.100000,6800,14000,19000,22000,28000,34000,40000,46000,57000,61000,61000,1041,259,6800.0,11448.404801873177,3.825271999630786,61410.56922000007,2730601.227665706
1660491349,200,,Aggregated,17.700000,4.100000,6800,14000,19000,22000,28000,34000,40000,46000,57000,61000,61000,1041,259,6800.0,11448.404801873177,3.825271999630786,61410.56922000007,2730601.227665706
1660491350,200,,Aggregated,18.600000,4.500000,6900,13000,19000,22000,28000,34000,40000,46000,57000,61000,61000,1049,259,6900.0,11429.567050399408,3.825271999630786,61410.56922000007,2723369.3879885604
1660491351,200,,Aggregated,10.100000,2.800000,7200,13000,18000,21000,28000,34000,40000,46000,57000,61000,61000,1067,260,7200.0,11451.802168346747,3.825271999630786,61410.56922000007,2743501.4985941895
1660491352,200,,Aggregated,10.100000,2.800000,7200,13000,18000,21000,28000,34000,40000,46000,57000,61000,61000,1067,260,7200.0,11451.802168346747,3.825271999630786,61410.56922000007,2743501.4985941895
1660491353,200,,Aggregated,10.600000,2.800000,7100,13000,18000,21000,28000,34000,40000,46000,57000,61000,61000,1071,263,7100.0,11423.6928391363,3.825271999630786,61410.56922000007,2733330.8132586367
1660491354,200,,Aggregated,10.600000,2.800000,7200,13000,18000,21000,28000,34000,40000,46000,57000,61000,61000,1088,271,7100.0,11427.190957033987,3.825271999630786,61410.56922000007,2742396.5588235296
1660491355,200,,Aggregated,11.300000,2.800000,7100,13000,18000,21000,28000,34000,40000,46000,57000,61000,61000,1089,271,7100.0,11416.79450862165,3.825271999630786,61410.56922000007,2740056.1910009184
1660491356,200,,Aggregated,11.700000,3.500000,7200,13000,18000,21000,28000,34000,40000,46000,57000,61000,61000,1096,272,7200.0,11424.4040257737,3.825271999630786,61410.56922000007,2723496.7025547447
1660491357,200,,Aggregated,11.700000,3.500000,7300,14000,18000,21000,28000,33000,40000,43000,57000,61000,61000,1109,276,7300.0,11435.379666234421,3.825271999630786,61410.56922000007,2705269.347159603
1660491358,200,,Aggregated,10.500000,2.900000,7300,14000,18000,21000,28000,33000,40000,43000,57000,61000,61000,1110,276,7300.0,11425.110752072047,3.825271999630786,61410.56922000007,2703006.7045045043
1660491359,200,,Aggregated,8.300000,2.100000,7800,14000,18000,21000,28000,33000,40000,43000,57000,61000,61000,1133,284,7800.0,11483.872820638988,3.825271999630786,61410.56922000007,2710959.3936451897
1660491360,200,,Aggregated,8.300000,2.100000,7800,14000,18000,21000,28000,33000,40000,43000,57000,61000,61000,1138,284,7800.0,11508.230024816321,3.825271999630786,61410.56922000007,2747907.781195079
1660491361,200,,Aggregated,8.000000,2.400000,8200,15000,18000,21000,28000,33000,40000,43000,57000,61000,61000,1166,288,8200.0,11604.933905831884,3.825271999630786,61410.56922000007,2720569.267581475
1660491362,200,,Aggregated,8.000000,2.400000,8100,14000,18000,20000,28000,33000,40000,43000,57000,61000,61000,1171,289,8100.0,11557.834836548229,3.825271999630786,61410.56922000007,2721216.6225448335
1660491363,200,,Aggregated,10.700000,2.700000,8200,15000,18000,20000,27000,33000,40000,43000,57000,61000,61000,1187,295,8200.0,11556.426838844125,3.825271999630786,61410.56922000007,2732005.2181971357
1660491364,200,,Aggregated,10.400000,2.900000,8200,15000,18000,20000,27000,33000,40000,43000,57000,61000,61000,1197,295,8200.0,11556.212348213847,3.825271999630786,61410.56922000007,2744665.9899749374
1660491365,200,,Aggregated,10.000000,2.600000,8300,15000,18000,21000,27000,32000,40000,43000,57000,61000,61000,1212,297,8200.0,11573.99641626318,3.825271999630786,61410.56922000007,2780257.25330033
1660491366,200,,Aggregated,10.000000,2.600000,8300,15000,18000,20000,27000,32000,40000,43000,57000,61000,61000,1219,300,8300.0,11571.617862324834,3.825271999630786,61410.56922000007,2764720.0418375717
1660491367,200,,Aggregated,10.200000,2.400000,8300,15000,18000,21000,27000,32000,40000,43000,57000,61000,61000,1245,308,8300.0,11618.67367659998,3.825271999630786,61410.56922000007,2819372.352610442
1660491368,200,,Aggregated,12.400000,2.800000,8500,15000,19000,21000,27000,32000,40000,43000,57000,61000,61000,1269,315,8500.0,11720.21474844994,3.825271999630786,61410.56922000007,2821673.7588652484
1660491369,200,,Aggregated,13.600000,3.200000,8500,15000,19000,21000,27000,32000,40000,43000,57000,61000,61000,1273,316,8500.0,11733.637975913569,3.825271999630786,61410.56922000007,2823919.7517674784
1660491370,200,,Aggregated,15.100000,3.500000,8400,15000,19000,21000,27000,32000,40000,43000,57000,61000,61000,1279,318,8400.0,11713.034908055493,3.825271999630786,61410.56922000007,2854136.0
1660491371,200,,Aggregated,14.900000,3.200000,8400,15000,19000,21000,27000,32000,40000,43000,57000,61000,61000,1288,322,8300.0,11645.82581938585,3.825271999630786,61410.56922000007,2855929.527173913
1660491372,200,,Aggregated,14.900000,3.200000,8400,15000,19000,21000,27000,32000,39000,43000,57000,61000,61000,1306,326,8400.0,11663.088562429535,3.825271999630786,61410.56922000007,2870468.640888208
1660491373,200,,Aggregated,13.900000,3.400000,8400,15000,19000,21000,27000,32000,39000,43000,57000,61000,61000,1315,327,8400.0,11674.311220258534,3.825271999630786,61410.56922000007,2903767.3520912547
1660491374,200,,Aggregated,13.500000,3.700000,8500,15000,19000,21000,27000,32000,39000,43000,57000,61000,61000,1333,332,8500.0,11738.774484179274,3.825271999630786,61410.56922000007,2896773.786196549
1660491375,200,,Aggregated,14.400000,3.800000,8600,15000,19000,21000,27000,32000,39000,43000,57000,61000,61000,1348,335,8500.0,11777.99793348737,3.825271999630786,61410.56922000007,2916781.6320474776
1660491376,200,,Aggregated,12.800000,3.400000,8400,15000,19000,21000,27000,32000,39000,43000,57000,61000,61000,1361,338,8400.0,11698.779437058025,3.825271999630786,61410.56922000007,2930214.577516532
1660491377,200,,Aggregated,12.800000,3.400000,8500,15000,19000,21000,27000,32000,39000,43000,57000,61000,61000,1379,341,8500.0,11735.363018474964,3.825271999630786,61410.56922000007,2932813.318346628
1660491378,200,,Aggregated,13.500000,3.700000,8400,15000,19000,21000,27000,32000,39000,43000,57000,61000,61000,1390,347,8400.0,11702.244796995667,3.825271999630786,61410.56922000007,2929840.0323741008
1660491379,200,,Aggregated,13.400000,3.300000,8400,15000,19000,21000,27000,32000,39000,42000,57000,61000,61000,1403,349,8400.0,11665.317022544528,3.825271999630786,61410.56922000007,2942858.7726300783
1660491380,200,,Aggregated,12.900000,3.600000,8400,15000,19000,21000,27000,32000,39000,42000,57000,61000,61000,1424,351,8400.0,11638.348112465577,3.825271999630786,61410.56922000007,2930215.741573034
1660491381,200,,Aggregated,13.000000,3.200000,8400,15000,19000,21000,27000,32000,39000,42000,57000,61000,61000,1428,351,8400.0,11613.927128072817,3.825271999630786,61410.56922000007,2941628.81232493
1660491382,200,,Aggregated,13.600000,3.100000,8400,15000,18000,21000,27000,32000,39000,42000,57000,61000,61000,1439,352,8400.0,11590.739680829034,3.825271999630786,61410.56922000007,2958071.637943016
1660491383,200,,Aggregated,13.900000,2.900000,8600,15000,19000,21000,27000,32000,39000,42000,57000,61000,61000,1456,359,8600.0,11715.307980222515,3.825271999630786,61410.56922000007,2981251.430631868
1660491384,200,,Aggregated,13.200000,2.600000,8500,15000,19000,21000,27000,32000,39000,42000,57000,61000,61000,1467,359,8500.0,11662.90312146352,3.825271999630786,61410.56922000007,2988258.699386503
1660491385,200,,Aggregated,13.200000,2.600000,8500,15000,19000,21000,27000,32000,39000,42000,57000,61000,61000,1476,362,8500.0,11657.22050975541,3.825271999630786,61410.56922000007,2989299.048102981
1660491386,200,,Aggregated,14.700000,3.000000,8400,15000,18000,21000,27000,32000,39000,42000,57000,61000,61000,1518,366,8400.0,11559.456816138989,3.825271999630786,61410.56922000007,2955583.432806324
1660491387,200,,Aggregated,14.700000,3.000000,8400,15000,18000,21000,27000,32000,39000,42000,57000,61000,61000,1518,366,8400.0,11559.456816138989,3.825271999630786,61410.56922000007,2955583.432806324
1660491388,200,,Aggregated,13.300000,2.900000,8600,15000,18000,21000,27000,32000,39000,42000,57000,61000,61000,1530,371,8500.0,11632.348563436592,3.825271999630786,61410.56922000007,2969025.3843137254
1660491389,200,,Aggregated,13.300000,2.900000,8600,15000,18000,21000,27000,32000,39000,42000,57000,61000,61000,1530,371,8500.0,11632.348563436592,3.825271999630786,61410.56922000007,2969025.3843137254
1660491390,200,,Aggregated,14.000000,2.400000,8700,15000,19000,21000,27000,32000,39000,42000,57000,61000,61000,1542,376,8700.0,11703.5337121686,3.825271999630786,61410.56922000007,2991241.1102464334
1660491391,200,,Aggregated,14.000000,2.400000,8700,15000,19000,21000,27000,32000,39000,42000,57000,61000,61000,1560,383,8700.0,11749.700822951912,3.825271999630786,61410.56922000007,2992708.63525641
1660491392,200,,Aggregated,13.000000,2.400000,8700,15000,19000,21000,27000,32000,39000,42000,57000,61000,61000,1568,386,8700.0,11773.129514483408,3.825271999630786,61410.56922000007,3004106.9164540814
1660491393,200,,Aggregated,12.200000,2.500000,8800,15000,19000,21000,27000,32000,39000,42000,57000,61000,61000,1579,388,8800.0,11813.457288141215,3.825271999630786,61410.56922000007,3001312.0975300823
1660491394,200,,Aggregated,13.000000,3.400000,8800,15000,19000,21000,27000,32000,39000,42000,57000,61000,61000,1623,400,8800.0,11763.449053333325,3.825271999630786,61410.56922000007,3032215.054836722
1660491395,200,,Aggregated,14.000000,3.600000,8800,15000,19000,21000,27000,32000,39000,42000,57000,61000,61000,1637,400,8800.0,11796.08566008429,3.825271999630786,61410.56922000007,3015615.874160049
1660491396,200,,Aggregated,14.000000,3.600000,8800,15000,19000,21000,27000,32000,39000,42000,57000,61000,61000,1637,400,8800.0,11796.08566008429,3.825271999630786,61410.56922000007,3015615.874160049
1660491397,200,,Aggregated,12.400000,3.200000,8800,15000,19000,21000,27000,32000,39000,42000,57000,61000,61000,1650,405,8800.0,11807.808031983626,3.825271999630786,61410.56922000007,3017464.2533333334
1660491398,200,,Aggregated,12.900000,3.400000,8800,15000,19000,21000,27000,32000,38000,42000,57000,61000,61000,1657,405,8800.0,11785.95162735364,3.825271999630786,61410.56922000007,3005365.8817139408
1660491399,200,,Aggregated,12.900000,3.400000,8800,15000,19000,21000,27000,32000,38000,42000,57000,61000,61000,1661,409,8800.0,11766.580314723045,3.825271999630786,61410.56922000007,2998150.750150512
1660491400,200,,Aggregated,12.300000,3.400000,8800,15000,19000,21000,27000,32000,38000,42000,57000,61000,61000,1673,411,8800.0,11805.671101446487,3.825271999630786,61410.56922000007,2994019.2486551106
1660491401,200,,Aggregated,13.100000,3.800000,8800,15000,19000,21000,27000,32000,38000,42000,57000,61000,61000,1680,414,8800.0,11796.19335400117,3.825271999630786,61410.56922000007,3014626.067857143
1660491402,200,,Aggregated,12.900000,3.600000,8600,15000,18000,21000,27000,32000,38000,41000,57000,61000,61000,1719,420,8600.0,11663.046417899342,3.825271999630786,61410.56922000007,2996894.1006399067
1660491403,200,,Aggregated,11.300000,2.800000,8700,15000,19000,21000,27000,31000,38000,41000,57000,61000,61000,1727,422,8700.0,11709.36119322986,3.825271999630786,61410.56922000007,3015435.368268674
1660491404,200,,Aggregated,11.300000,2.800000,8700,15000,19000,21000,27000,31000,38000,41000,57000,61000,61000,1727,422,8700.0,11709.36119322986,3.825271999630786,61410.56922000007,3015435.368268674
1660491405,200,,Aggregated,11.300000,2.800000,8700,15000,19000,21000,27000,31000,38000,41000,57000,61000,61000,1727,422,8700.0,11709.36119322986,3.825271999630786,61410.56922000007,3015435.368268674
1660491406,200,,Aggregated,11.300000,2.800000,8700,15000,19000,21000,27000,31000,38000,41000,57000,61000,61000,1727,422,8700.0,11709.36119322986,3.825271999630786,61410.56922000007,3015435.368268674
1660491407,200,,Aggregated,13.800000,3.100000,8800,15000,19000,21000,27000,31000,38000,41000,57000,61000,61000,1738,425,8800.0,11767.869328716322,3.825271999630786,61410.56922000007,2997096.483314154
1660491408,200,,Aggregated,13.800000,3.100000,8800,15000,19000,21000,27000,31000,38000,41000,57000,61000,61000,1738,425,8800.0,11767.869328716322,3.825271999630786,61410.56922000007,2997096.483314154
1660491409,200,,Aggregated,13.800000,3.100000,8800,15000,19000,21000,27000,31000,38000,41000,57000,61000,61000,1738,425,8800.0,11767.869328716322,3.825271999630786,61410.56922000007,2997096.483314154
1660491410,200,,Aggregated,8.500000,2.000000,8800,15000,19000,21000,27000,31000,38000,41000,57000,61000,61000,1753,434,8800.0,11799.32782672103,3.825271999630786,61410.56922000007,2987787.033086138
1660491411,200,,Aggregated,8.500000,2.000000,8800,15000,19000,21000,27000,31000,38000,41000,57000,61000,61000,1756,436,8800.0,11789.596052547246,3.825271999630786,61410.56922000007,2990602.492027335
1660491412,200,,Aggregated,8.600000,2.200000,8900,15000,19000,21000,27000,31000,38000,41000,57000,61000,61000,1783,440,8900.0,11774.8937454453,3.825271999630786,61410.56922000007,3054645.539540101
1660491413,200,,Aggregated,8.600000,2.200000,8800,15000,18000,21000,27000,31000,38000,41000,57000,61000,61000,1794,440,8800.0,11735.3092451176,3.825271999630786,61410.56922000007,3036712.378483835
1660491414,200,,Aggregated,8.600000,2.200000,8800,15000,18000,21000,27000,31000,38000,41000,57000,61000,61000,1794,440,8800.0,11735.3092451176,3.825271999630786,61410.56922000007,3036712.378483835
1660491415,200,,Aggregated,7.500000,2.000000,9000,15000,19000,21000,27000,32000,38000,41000,57000,61000,61000,1807,444,9000.0,11855.82032258604,3.825271999630786,61410.56922000007,3068932.3370226896
1660491416,200,,Aggregated,7.500000,2.000000,9000,15000,19000,21000,27000,32000,38000,41000,57000,61000,61000,1807,444,9000.0,11855.82032258604,3.825271999630786,61410.56922000007,3068932.3370226896
1660491417,200,,Aggregated,7.500000,2.000000,9000,15000,19000,21000,27000,32000,38000,41000,57000,61000,61000,1807,444,9000.0,11855.82032258604,3.825271999630786,61410.56922000007,3068932.3370226896
1660491418,200,,Aggregated,8.000000,2.200000,8900,15000,19000,21000,27000,32000,38000,41000,57000,61000,61000,1812,448,8900.0,11840.417131242259,3.825271999630786,61410.56922000007,3068149.767660044
1660491419,200,,Aggregated,6.900000,1.900000,9100,15000,19000,21000,27000,32000,38000,42000,57000,61000,61000,1831,454,9100.0,12001.647295499171,3.825271999630786,61410.56922000007,3097482.1217913707
1660491420,200,,Aggregated,6.900000,1.900000,9100,15000,19000,21000,27000,32000,38000,42000,57000,61000,61000,1831,454,9100.0,12001.647295499171,3.825271999630786,61410.56922000007,3097482.1217913707
1660491421,200,,Aggregated,7.400000,2.300000,9300,15000,19000,22000,28000,32000,39000,42000,57000,61000,61000,1867,458,9300.0,12195.087237754142,3.825271999630786,61410.56922000007,3187360.209962507
1660491422,200,,Aggregated,7.400000,2.300000,9200,15000,19000,22000,28000,32000,39000,42000,57000,61000,61000,1875,458,9200.0,12170.474541093323,3.825271999630786,61410.56922000007,3174287.8474666667
1660491423,200,,Aggregated,7.400000,2.300000,9200,15000,19000,22000,28000,32000,39000,42000,57000,61000,61000,1875,458,9200.0,12170.474541093323,3.825271999630786,61410.56922000007,3174287.8474666667
1660491424,200,,Aggregated,11.900000,2.200000,9400,15000,19000,22000,28000,32000,39000,43000,57000,61000,61000,1899,467,9400.0,12283.820198683503,3.825271999630786,61410.56922000007,3156784.6266456028
1660491425,200,,Aggregated,8.100000,1.800000,9400,15000,19000,22000,28000,32000,39000,42000,57000,61000,61000,1904,470,9400.0,12266.110967584542,3.825271999630786,61410.56922000007,3148712.867647059
1660491426,200,,Aggregated,8.100000,1.800000,9400,15000,19000,22000,28000,33000,39000,43000,57000,61000,61000,1914,472,9400.0,12359.720781518792,3.825271999630786,61410.56922000007,3175940.8495297804
1660491427,200,,Aggregated,8.100000,1.800000,9400,15000,19000,22000,28000,33000,39000,43000,57000,61000,61000,1917,474,9400.0,12350.273426281154,3.825271999630786,61410.56922000007,3178225.4011476263
1660491428,200,,Aggregated,9.700000,2.600000,9400,15000,19000,22000,28000,33000,39000,43000,57000,61000,61000,1958,482,9400.0,12355.407380687937,3.825271999630786,61410.56922000007,3197857.3615934625
1660491429,200,,Aggregated,9.700000,2.600000,9300,15000,19000,22000,28000,33000,39000,43000,57000,61000,61000,1972,483,9200.0,12286.008162423415,3.825271999630786,61410.56922000007,3176151.5126774847
1660491430,200,,Aggregated,11.000000,3.000000,9200,15000,19000,22000,28000,33000,39000,43000,57000,61000,61000,1973,483,9200.0,12279.851998441447,3.825271999630786,61410.56922000007,3174639.8849467817
1660491431,200,,Aggregated,11.000000,3.000000,9200,15000,19000,22000,28000,33000,39000,43000,57000,61000,61000,1974,483,9200.0,12273.647712453381,3.825271999630786,61410.56922000007,3173058.6864235057
1660491432,200,,Aggregated,14.100000,2.900000,9300,15000,19000,22000,28000,33000,39000,43000,57000,61000,61000,1996,491,9300.0,12348.45150951301,3.825271999630786,61410.56922000007,3152988.379258517
1660491433,200,,Aggregated,12.500000,2.700000,9200,15000,19000,22000,28000,33000,39000,42000,56000,61000,61000,2003,491,9200.0,12307.40576234796,3.825271999630786,61410.56922000007,3149341.7513729404
1660491434,200,,Aggregated,12.000000,3.200000,9200,15000,19000,22000,28000,33000,39000,42000,56000,61000,61000,2019,497,9200.0,12258.599685191166,3.825271999630786,61410.56922000007,3179567.4853888066
1660491435,200,,Aggregated,12.700000,3.300000,9100,15000,19000,22000,28000,33000,39000,42000,56000,61000,61000,2054,502,9100.0,12242.74578527408,3.825271999630786,61410.56922000007,3160414.775559883
1660491436,200,,Aggregated,12.800000,3.300000,9100,15000,19000,22000,28000,33000,39000,42000,56000,61000,61000,2060,504,9100.0,12209.772470258233,3.825271999630786,61410.56922000007,3164751.005339806
1660491437,200,,Aggregated,14.100000,3.200000,9100,15000,19000,22000,28000,33000,39000,42000,56000,61000,61000,2065,506,9100.0,12181.46222840434,3.825271999630786,61410.56922000007,3163940.876997579
1660491438,200,,Aggregated,15.000000,3.200000,9000,15000,19000,22000,28000,33000,39000,42000,56000,61000,61000,2069,508,9000.0,12168.091909173494,3.825271999630786,61410.56922000007,3171257.862252296
1660491439,200,,Aggregated,15.000000,3.200000,9000,15000,19000,22000,28000,33000,39000,42000,56000,61000,61000,2071,508,9000.0,12157.134485741168,3.825271999630786,61410.56922000007,3174925.6933848383
1660491440,200,,Aggregated,14.800000,3.200000,9000,15000,19000,22000,28000,33000,39000,42000,56000,61000,61000,2081,511,9000.0,12127.416302946162,3.825271999630786,61410.56922000007,3206406.8534358484
1660491441,200,,Aggregated,9.900000,2.500000,8900,15000,19000,22000,28000,33000,39000,43000,56000,61000,61000,2111,519,8900.0,12134.192940206043,3.825271999630786,61410.56922000007,3201011.9085741355
1660491442,200,,Aggregated,9.900000,2.500000,9000,15000,19000,22000,28000,34000,39000,43000,56000,61000,61000,2112,519,8900.0,12151.107314097992,3.825271999630786,61410.56922000007,3206082.847064394
1660491443,200,,Aggregated,12.300000,3.300000,9000,15000,19000,22000,28000,34000,40000,44000,56000,61000,61000,2137,526,9000.0,12238.305452513316,3.825271999630786,61410.56922000007,3221371.6686944314
1660491444,200,,Aggregated,11.600000,2.900000,8900,15000,19000,22000,28000,34000,40000,44000,56000,61000,61000,2145,530,8900.0,12201.23164103354,3.825271999630786,61410.56922000007,3228822.91981352
1660491445,200,,Aggregated,12.900000,3.500000,8900,15000,19000,22000,28000,34000,40000,44000,56000,61000,61000,2149,532,8900.0,12188.27554553371,3.825271999630786,61410.56922000007,3235743.7803629595
1660491446,200,,Aggregated,13.400000,3.500000,8800,15000,19000,22000,28000,34000,40000,44000,56000,61000,61000,2172,534,8700.0,12088.37907221959,3.825271999630786,61410.56922000007,3240733.95626151
1660491447,200,,Aggregated,10.500000,3.100000,8800,15000,19000,22000,29000,35000,40000,45000,56000,61000,61000,2198,537,8800.0,12199.716256908983,3.825271999630786,61410.56922000007,3235141.104185623
1660491448,200,,Aggregated,10.700000,3.100000,8800,15000,19000,22000,29000,35000,40000,45000,56000,61000,61000,2203,539,8800.0,12175.007754410777,3.825271999630786,61410.56922000007,3240503.160689968
1660491449,200,,Aggregated,13.700000,3.300000,8800,15000,19000,22000,29000,35000,41000,46000,56000,61000,61000,2237,550,8800.0,12295.163252041104,3.825271999630786,61410.56922000007,3247937.9043361647
1660491450,200,,Aggregated,13.600000,3.200000,8800,15000,19000,22000,29000,35000,41000,46000,56000,61000,61000,2257,553,8800.0,12239.989818458997,3.825271999630786,61410.56922000007,3244459.288435977
1660491451,200,,Aggregated,13.700000,3.500000,8700,15000,19000,22000,29000,35000,41000,46000,56000,61000,61000,2267,556,8700.0,12190.352426644886,3.825271999630786,61410.56922000007,3248693.0449933833
1660491452,200,,Aggregated,17.800000,4.200000,8600,15000,19000,22000,29000,35000,41000,46000,56000,61000,61000,2274,558,8600.0,12156.421553524608,3.825271999630786,61410.56922000007,3250992.4824098507
1660491453,200,,Aggregated,16.000000,3.700000,8700,15000,19000,22000,29000,36000,42000,47000,56000,61000,61000,2308,566,8700.0,12292.66749327251,3.825271999630786,61410.56922000007,3269993.0350953205
1660491454,200,,Aggregated,15.900000,3.700000,8500,15000,19000,22000,29000,36000,42000,47000,56000,61000,61000,2323,569,8500.0,12223.321719066702,3.825271999630786,61410.56922000007,3273344.260439087
1660491455,200,,Aggregated,14.700000,3.200000,8600,15000,20000,22000,30000,36000,42000,47000,56000,61000,61000,2344,574,8600.0,12304.719856551603,3.825271999630786,61410.56922000007,3268489.1237201365
1660491456,200,,Aggregated,18.300000,4.200000,8500,15000,19000,22000,29000,36000,42000,47000,56000,61000,61000,2357,577,8500.0,12245.440903614322,3.825271999630786,61410.56922000007,3268545.9121764954
1660491457,200,,Aggregated,17.900000,4.000000,8300,15000,19000,22000,29000,36000,42000,47000,56000,61000,61000,2397,582,8300.0,12167.596157886506,3.825271999630786,61410.56922000007,3232871.9712140174
1660491458,200,,Aggregated,17.900000,4.000000,8300,15000,19000,22000,29000,36000,42000,47000,56000,61000,61000,2397,582,8300.0,12167.596157886506,3.825271999630786,61410.56922000007,3232871.9712140174
1660491459,200,,Aggregated,16.700000,4.100000,8300,15000,19000,22000,29000,36000,42000,47000,56000,61000,61000,2405,586,8300.0,12131.159155550085,3.825271999630786,61410.56922000007,3233725.6253638254
1660491460,200,,Aggregated,19.600000,4.400000,8300,15000,19000,22000,29000,36000,42000,47000,56000,61000,61000,2406,587,8300.0,12126.998477954261,3.825271999630786,61410.56922000007,3232385.458021613
1660491461,200,,Aggregated,18.900000,3.900000,8300,15000,19000,22000,29000,36000,42000,47000,56000,61000,61000,2417,593,8300.0,12136.744550942885,3.825271999630786,61410.56922000007,3217982.183285064
1660491462,200,,Aggregated,15.600000,3.600000,8100,14000,19000,22000,29000,36000,42000,47000,56000,61000,61000,2446,598,8100.0,12027.40917588796,3.825271999630786,61410.56922000007,3214628.111610793
1660491463,200,,Aggregated,14.900000,3.400000,8200,15000,19000,22000,30000,36000,42000,47000,56000,61000,61000,2468,602,8200.0,12086.949625197303,3.825271999630786,61410.56922000007,3225901.4452998377
1660491464,200,,Aggregated,14.900000,3.400000,8100,15000,19000,22000,29000,36000,42000,47000,56000,61000,61000,2481,603,8100.0,12037.212815218036,3.825271999630786,61410.56922000007,3215175.2249093107
1660491465,200,,Aggregated,16.800000,4.000000,8000,14000,19000,22000,29000,36000,42000,47000,56000,61000,61000,2493,606,8000.0,11992.64127425429,3.825271999630786,61410.56922000007,3222275.9987966307
1660491466,200,,Aggregated,16.100000,3.500000,7900,14000,19000,22000,29000,36000,42000,47000,56000,61000,61000,2496,606,7900.0,11984.183562658232,3.825271999630786,61410.56922000007,3235102.703926282
1660491467,200,,Aggregated,15.900000,3.300000,8000,14000,19000,22000,30000,36000,41000,46000,56000,61000,61000,2525,615,8000.0,12036.011898050278,3.825271999630786,61410.56922000007,3226362.0732673267
1660491468,200,,Aggregated,14.100000,3.000000,8100,15000,19000,22000,30000,36000,41000,46000,56000,61000,61000,2542,621,8100.0,12087.12671071792,3.825271999630786,61410.56922000007,3232552.029897718
1660491469,200,,Aggregated,14.100000,3.000000,7900,14000,19000,22000,30000,36000,41000,46000,56000,61000,61000,2560,624,7900.0,12014.82450290545,3.825271999630786,61410.56922000007,3226796.50859375
1660491470,200,,Aggregated,14.100000,3.000000,7900,14000,19000,22000,30000,36000,41000,46000,56000,61000,61000,2560,624,7900.0,12014.82450290545,3.825271999630786,61410.56922000007,3226796.50859375
1660491471,200,,Aggregated,14.100000,3.000000,7900,14000,19000,22000,30000,36000,41000,46000,56000,61000,61000,2560,624,7900.0,12014.82450290545,3.825271999630786,61410.56922000007,3226796.50859375
1660491472,200,,Aggregated,15.500000,3.800000,8000,15000,19000,22000,30000,36000,41000,46000,56000,61000,61000,2573,625,8000.0,12079.17921967196,3.825271999630786,61410.56922000007,3226929.652157015
1660491473,200,,Aggregated,15.400000,3.700000,8100,15000,20000,22000,30000,36000,42000,46000,56000,61000,61000,2594,632,8100.0,12183.414875170376,3.825271999630786,61410.56922000007,3244068.9117193525
1660491474,200,,Aggregated,13.700000,2.800000,8100,15000,20000,22000,30000,36000,42000,46000,56000,61000,61000,2600,638,8100.0,12163.824155502289,3.825271999630786,61410.56922000007,3236604.0203846153
1660491475,200,,Aggregated,13.700000,2.800000,8100,15000,20000,22000,30000,36000,41000,46000,56000,61000,61000,2610,639,8100.0,12196.265704457068,3.825271999630786,61410.56922000007,3229798.4685823754
1660491476,200,,Aggregated,11.300000,2.900000,8100,15000,19000,22000,30000,36000,41000,46000,56000,61000,61000,2631,643,8100.0,12157.478908086257,3.825271999630786,61410.56922000007,3262210.867350817
1660491477,200,,Aggregated,12.700000,3.600000,8100,15000,19000,22000,30000,36000,41000,46000,56000,61000,61000,2651,650,8100.0,12185.950820562783,3.825271999630786,61410.56922000007,3258923.4915126367
1660491478,200,,Aggregated,12.600000,3.400000,8100,15000,19000,22000,30000,36000,41000,46000,56000,61000,61000,2655,651,8100.0,12174.94548025572,3.825271999630786,61410.56922000007,3254183.141619586
1660491479,200,,Aggregated,12.600000,3.400000,8200,15000,19000,22000,30000,36000,41000,46000,56000,61000,61000,2669,653,8200.0,12217.71108593928,3.825271999630786,61410.56922000007,3248094.993255901
1660491480,200,,Aggregated,12.600000,3.500000,8100,15000,19000,22000,30000,36000,41000,46000,56000,61000,61000,2676,657,8100.0,12198.710886867315,3.825271999630786,61410.56922000007,3239829.5209267563
1660491481,200,,Aggregated,9.900000,2.700000,8200,15000,19000,22000,30000,36000,41000,46000,56000,61000,61000,2683,657,8200.0,12210.760160553462,3.825271999630786,61410.56922000007,3241983.9623555723
1660491482,200,,Aggregated,10.900000,2.900000,8200,15000,19000,22000,30000,36000,41000,46000,56000,61000,61000,2693,659,8200.0,12193.665283712195,3.825271999630786,61410.56922000007,3255853.743780171
1660491483,200,,Aggregated,11.600000,3.300000,8200,15000,19000,22000,30000,36000,41000,46000,56000,61000,61000,2714,665,8200.0,12228.52733237581,3.825271999630786,61410.56922000007,3266765.825350037
1660491484,200,,Aggregated,11.200000,3.200000,8100,15000,19000,22000,30000,36000,41000,46000,56000,61000,61000,2721,666,8100.0,12211.3476789647,3.825271999630786,61410.56922000007,3268647.888643881
1660491485,200,,Aggregated,11.200000,3.200000,8100,15000,19000,22000,30000,36000,41000,46000,56000,61000,61000,2721,666,8100.0,12211.3476789647,3.825271999630786,61410.56922000007,3268647.888643881
1660491486,200,,Aggregated,12.100000,3.300000,8200,15000,19000,22000,30000,36000,41000,46000,56000,61000,61000,2754,672,8200.0,12219.862964582771,3.825271999630786,61410.56922000007,3250532.570442992
1660491487,200,,Aggregated,11.100000,2.700000,8200,15000,19000,22000,30000,36000,41000,46000,56000,61000,61000,2762,674,8200.0,12204.665467628514,3.825271999630786,61410.56922000007,3256424.5343953655
1660491488,200,,Aggregated,10.900000,2.600000,8100,15000,19000,22000,30000,36000,41000,46000,56000,61000,61000,2773,677,8100.0,12179.81397642624,3.825271999630786,61410.56922000007,3253950.4374323837
1660491489,200,,Aggregated,12.300000,2.900000,8100,15000,19000,22000,30000,36000,41000,46000,56000,61000,61000,2783,680,8100.0,12151.887500402428,3.825271999630786,61410.56922000007,3252444.616960115
1660491490,200,,Aggregated,11.100000,2.400000,8100,15000,19000,22000,30000,36000,41000,46000,56000,61000,61000,2802,687,8100.0,12196.12300147072,3.825271999630786,61410.56922000007,3260564.2551748753
1660491491,200,,Aggregated,11.100000,2.400000,8100,15000,19000,22000,30000,36000,41000,46000,56000,61000,61000,2802,687,8100.0,12196.12300147072,3.825271999630786,61410.56922000007,3260564.2551748753
1660491492,200,,Aggregated,11.400000,2.700000,8200,15000,19000,22000,30000,36000,41000,46000,56000,61000,61000,2814,689,8200.0,12249.203097911855,3.825271999630786,61410.56922000007,3271635.7452025586
1660491493,200,,Aggregated,12.600000,3.000000,8200,15000,19000,22000,30000,36000,41000,46000,56000,61000,61000,2843,696,8200.0,12252.338266464632,3.825271999630786,61410.56922000007,3263585.831164263
1660491494,200,,Aggregated,12.600000,3.000000,8200,15000,19000,22000,30000,36000,41000,46000,56000,61000,61000,2843,696,8200.0,12252.338266464632,3.825271999630786,61410.56922000007,3263585.831164263
1660491495,200,,Aggregated,12.100000,3.000000,8100,15000,19000,22000,30000,36000,41000,46000,56000,61000,61000,2859,700,8100.0,12205.471614896449,3.825271999630786,61410.56922000007,3260178.0689052115
1660491496,200,,Aggregated,12.800000,3.100000,8100,15000,19000,22000,30000,35000,41000,46000,56000,61000,61000,2861,700,8100.0,12200.766723407532,3.825271999630786,61410.56922000007,3257936.30583712
1660491497,200,,Aggregated,12.800000,3.100000,8100,15000,19000,22000,30000,35000,41000,46000,56000,61000,61000,2863,700,8100.0,12197.1834027478,3.825271999630786,61410.56922000007,3260586.0164163467
1660491498,200,,Aggregated,13.000000,3.400000,8200,15000,19000,22000,30000,36000,41000,46000,56000,61000,61000,2885,704,8200.0,12278.504237047817,3.825271999630786,61410.56922000007,3260378.459272097
1660491499,200,,Aggregated,10.700000,2.800000,8200,15000,19000,22000,30000,36000,41000,46000,56000,61000,61000,2894,707,8100.0,12259.817767422235,3.825271999630786,61410.56922000007,3269594.9803040773
1660491500,200,,Aggregated,10.300000,2.600000,8100,15000,19000,22000,30000,35000,41000,46000,56000,61000,61000,2904,710,8100.0,12235.146082649084,3.825271999630786,61410.56922000007,3272910.9796831957
1660491501,200,,Aggregated,11.200000,2.700000,8200,15000,20000,23000,30000,36000,41000,46000,56000,61000,61000,2930,717,8200.0,12314.855403449465,3.825271999630786,61410.56922000007,3277577.457679181
1660491502,200,,Aggregated,11.100000,2.700000,8200,15000,20000,23000,30000,36000,41000,46000,56000,61000,61000,2943,720,8200.0,12337.194331406028,3.825271999630786,61410.56922000007,3282338.322460075
1660491503,200,,Aggregated,10.300000,2.300000,8200,15000,20000,23000,30000,36000,41000,46000,56000,61000,61000,2945,720,8200.0,12333.112987424429,3.825271999630786,61410.56922000007,3280240.7820033957
1660491504,200,,Aggregated,12.900000,3.000000,8200,15000,20000,23000,30000,36000,41000,46000,56000,61000,61000,2972,730,8200.0,12334.213793309536,3.825271999630786,61410.56922000007,3297557.3156123823
1660491505,200,,Aggregated,12.900000,3.100000,8200,15000,20000,23000,30000,36000,41000,46000,56000,61000,61000,2992,737,8200.0,12331.802527647038,3.825271999630786,61410.56922000007,3289778.373663102
1660491506,200,,Aggregated,11.400000,2.900000,8200,15000,20000,23000,30000,36000,41000,46000,56000,61000,61000,2995,737,8200.0,12324.480815269093,3.825271999630786,61410.56922000007,3286630.267111853
1660491507,200,,Aggregated,12.300000,3.300000,8200,15000,20000,23000,30000,36000,41000,46000,56000,61000,61000,2997,737,8200.0,12318.563234871848,3.825271999630786,61410.56922000007,3284472.5799132464
1660491508,200,,Aggregated,13.300000,3.700000,8100,15000,20000,22000,30000,36000,41000,46000,56000,61000,61000,3008,739,8100.0,12292.958816466065,3.825271999630786,61410.56922000007,3282113.062167553
1660491509,200,,Aggregated,13.400000,3.700000,8200,15000,20000,23000,30000,35000,41000,46000,56000,61000,61000,3022,743,8200.0,12321.705285888796,3.825271999630786,61410.56922000007,3281013.9209133023
1660491510,200,,Aggregated,13.200000,3.700000,8100,15000,19000,23000,30000,35000,41000,46000,56000,61000,61000,3034,748,8100.0,12291.069864198398,3.825271999630786,61410.56922000007,3291025.4647330255
1660491511,200,,Aggregated,12.300000,3.500000,8100,15000,20000,23000,30000,35000,41000,46000,56000,61000,61000,3054,751,8100.0,12338.183321116225,3.825271999630786,61410.56922000007,3306158.8752455795
1660491512,200,,Aggregated,12.800000,3.600000,8200,15000,20000,23000,30000,35000,41000,46000,56000,61000,61000,3072,752,8200.0,12359.347036849593,3.825271999630786,61410.56922000007,3291908.802734375
1660491513,200,,Aggregated,12.800000,3.600000,8200,15000,20000,23000,30000,35000,41000,46000,56000,61000,61000,3072,752,8200.0,12359.347036849593,3.825271999630786,61410.56922000007,3291908.802734375
1660491514,200,,Aggregated,12.200000,3.400000,8200,15000,20000,23000,30000,35000,41000,46000,56000,61000,61000,3076,753,8100.0,12350.953131674889,3.825271999630786,61410.56922000007,3296677.6378413523
1660491515,200,,Aggregated,12.200000,3.400000,8200,15000,20000,23000,30000,35000,41000,46000,56000,61000,61000,3076,753,8100.0,12350.953131674889,3.825271999630786,61410.56922000007,3296677.6378413523
1660491516,200,,Aggregated,11.700000,2.700000,8200,15000,20000,23000,30000,35000,41000,45000,56000,61000,61000,3111,768,8200.0,12385.33925123817,3.825271999630786,61410.56922000007,3291558.9260687884
1660491517,200,,Aggregated,10.400000,2.300000,8200,15000,20000,23000,30000,35000,41000,45000,56000,61000,61000,3123,771,8200.0,12360.319105986855,3.825271999630786,61410.56922000007,3296843.4803073965
1660491518,200,,Aggregated,8.400000,1.600000,8200,15000,20000,23000,30000,35000,41000,45000,56000,61000,61000,3124,771,8200.0,12358.877479916116,3.825271999630786,61410.56922000007,3300232.6558898846
1660491519,200,,Aggregated,11.600000,3.100000,8200,15000,20000,23000,31000,35000,41000,45000,56000,61000,61000,3139,772,8200.0,12398.904682538689,3.825271999630786,61410.56922000007,3306962.165020707
1660491520,200,,Aggregated,12.600000,3.400000,8200,15000,20000,23000,30000,35000,41000,45000,56000,61000,61000,3141,772,8200.0,12394.748827309437,3.825271999630786,61410.56922000007,3304935.142311366
1660491521,200,,Aggregated,11.600000,3.200000,8200,15000,20000,23000,30000,35000,41000,45000,56000,61000,61000,3164,780,8100.0,12343.083366183919,3.825271999630786,61410.56922000007,3312110.010429836
1660491522,200,,Aggregated,11.700000,2.900000,8100,15000,19000,23000,30000,35000,41000,45000,56000,61000,61000,3193,782,8100.0,12341.000958788263,3.825271999630786,61410.56922000007,3304637.236454745
1660491523,200,,Aggregated,11.700000,2.900000,8100,15000,19000,23000,30000,35000,41000,45000,56000,61000,61000,3193,782,8100.0,12341.000958788263,3.825271999630786,61410.56922000007,3304637.236454745
1660491524,200,,Aggregated,11.100000,2.900000,8200,15000,20000,23000,30000,35000,40000,45000,56000,61000,61000,3224,792,8200.0,12353.638555389552,3.825271999630786,61410.56922000007,3295170.8554590573
1660491526,200,,Aggregated,11.100000,2.900000,8200,15000,20000,23000,30000,35000,40000,45000,56000,61000,61000,3224,792,8200.0,12353.638555389552,3.825271999630786,61410.56922000007,3295170.8554590573
1660491527,200,,Aggregated,11.100000,2.900000,8200,15000,20000,23000,30000,35000,40000,45000,56000,61000,61000,3224,792,8200.0,12353.638555389552,3.825271999630786,61410.56922000007,3295170.8554590573
1660491528,200,,Aggregated,14.800000,3.900000,8200,15000,20000,23000,31000,35000,40000,45000,56000,61000,61000,3239,797,8200.0,12390.948577282163,3.825271999630786,61410.56922000007,3297173.5557270763
1660491529,200,,Aggregated,14.800000,3.900000,8200,15000,20000,23000,31000,35000,40000,45000,56000,61000,61000,3239,797,8200.0,12390.948577282163,3.825271999630786,61410.56922000007,3297173.5557270763
1660491530,200,,Aggregated,14.800000,3.900000,8200,15000,20000,23000,31000,35000,40000,45000,56000,61000,61000,3239,797,8200.0,12390.948577282163,3.825271999630786,61410.56922000007,3297173.5557270763
1660491531,200,,Aggregated,11.500000,2.600000,8300,15000,20000,23000,31000,35000,40000,45000,56000,61000,61000,3254,800,8300.0,12466.156627969864,3.825271999630786,61410.56922000007,3320531.7762753535
1660491532,200,,Aggregated,11.500000,2.600000,8300,15000,20000,23000,31000,35000,40000,45000,56000,61000,61000,3254,800,8300.0,12466.156627969864,3.825271999630786,61410.56922000007,3320531.7762753535
1660491533,200,,Aggregated,10.000000,2.500000,8300,15000,20000,23000,31000,35000,40000,45000,56000,61000,61000,3266,802,8300.0,12515.444353310453,3.825271999630786,61410.56922000007,3333972.010410288
1660491534,200,,Aggregated,10.000000,2.500000,8300,15000,20000,23000,31000,35000,40000,45000,56000,61000,61000,3266,802,8300.0,12515.444353310453,3.825271999630786,61410.56922000007,3333972.010410288
1660491535,200,,Aggregated,8.900000,2.000000,8400,15000,20000,23000,31000,35000,40000,45000,56000,61000,61000,3298,817,8400.0,12550.00323285717,3.825271999630786,61410.56922000007,3310456.408429351
1660491536,200,,Aggregated,7.300000,2.000000,8400,15000,20000,24000,31000,35000,40000,44000,56000,61000,61000,3318,821,8400.0,12627.086681838744,3.825271999630786,61410.56922000007,3320346.3122362867
1660491537,200,,Aggregated,7.300000,2.000000,8400,15000,20000,24000,31000,35000,40000,44000,56000,61000,61000,3318,821,8400.0,12627.086681838744,3.825271999630786,61410.56922000007,3320346.3122362867
1660491538,200,,Aggregated,7.400000,2.500000,8400,15000,20000,23000,31000,35000,40000,44000,56000,61000,61000,3323,822,8400.0,12629.588394341243,3.825271999630786,61410.56922000007,3315417.300631959
1660491539,200,,Aggregated,9.400000,2.900000,8400,15000,20000,23000,31000,35000,40000,44000,56000,61000,61000,3333,826,8400.0,12625.727337696353,3.825271999630786,61410.56922000007,3305577.2088208823
1660491540,200,,Aggregated,9.400000,2.900000,8400,15000,20000,23000,31000,35000,40000,44000,56000,61000,61000,3333,826,8400.0,12625.727337696353,3.825271999630786,61410.56922000007,3305577.2088208823
1660491541,200,,Aggregated,8.400000,2.500000,8500,15000,20000,23000,31000,35000,40000,44000,56000,61000,61000,3351,829,8500.0,12659.774331487002,3.825271999630786,61410.56922000007,3304666.2008355716
1660491542,200,,Aggregated,8.400000,2.500000,8500,15000,20000,23000,31000,35000,40000,44000,56000,61000,61000,3351,829,8500.0,12659.774331487002,3.825271999630786,61410.56922000007,3304666.2008355716
1660491543,200,,Aggregated,8.400000,2.500000,8500,15000,20000,23000,31000,35000,40000,44000,56000,61000,61000,3351,829,8500.0,12659.774331487002,3.825271999630786,61410.56922000007,3304666.2008355716
1660491544,200,,Aggregated,10.600000,3.000000,8500,15000,20000,24000,31000,35000,40000,44000,56000,61000,61000,3372,836,8500.0,12684.91276212335,3.825271999630786,61410.56922000007,3288637.4326809016
1660491545,200,,Aggregated,10.600000,3.000000,8500,15000,20000,24000,31000,35000,40000,44000,56000,61000,61000,3372,836,8500.0,12684.91276212335,3.825271999630786,61410.56922000007,3288637.4326809016
1660491546,200,,Aggregated,10.600000,3.000000,8500,15000,20000,24000,31000,35000,40000,44000,56000,61000,61000,3372,836,8500.0,12684.91276212335,3.825271999630786,61410.56922000007,3288637.4326809016
1660491547,200,,Aggregated,10.600000,3.400000,8600,15000,20000,24000,31000,35000,40000,44000,56000,61000,61000,3389,844,8600.0,12719.912478707269,3.825271999630786,61410.56922000007,3280716.2313366774
1660491548,200,,Aggregated,10.600000,3.400000,8600,15000,20000,24000,31000,35000,40000,44000,56000,61000,61000,3389,844,8600.0,12719.912478707269,3.825271999630786,61410.56922000007,3280716.2313366774
1660491549,200,,Aggregated,10.600000,3.400000,8600,15000,20000,24000,31000,35000,40000,44000,56000,61000,61000,3389,844,8600.0,12719.912478707269,3.825271999630786,61410.56922000007,3280716.2313366774
1660491550,200,,Aggregated,10.600000,3.400000,8600,15000,20000,24000,31000,35000,40000,44000,56000,61000,61000,3389,844,8600.0,12719.912478707269,3.825271999630786,61410.56922000007,3280716.2313366774
1660491551,200,,Aggregated,6.600000,2.200000,8700,15000,20000,24000,31000,35000,40000,44000,56000,61000,61000,3406,848,8700.0,12778.927325257471,3.825271999630786,61410.56922000007,3285035.1145038167
1660491552,200,,Aggregated,5.600000,1.800000,8800,16000,20000,24000,31000,35000,40000,44000,56000,61000,61000,3431,854,8800.0,12857.903370905553,3.825271999630786,61410.56922000007,3286010.417371029
1660491553,200,,Aggregated,5.600000,1.800000,8800,16000,20000,24000,31000,35000,40000,44000,56000,61000,61000,3431,854,8800.0,12857.903370905553,3.825271999630786,61410.56922000007,3286010.417371029
1660491554,200,,Aggregated,5.600000,1.800000,8800,16000,20000,24000,31000,35000,40000,44000,56000,61000,61000,3431,854,8800.0,12857.903370905553,3.825271999630786,61410.56922000007,3286010.417371029
1660491555,200,,Aggregated,5.600000,1.800000,8800,16000,20000,24000,31000,35000,40000,44000,56000,61000,61000,3431,854,8800.0,12857.903370905553,3.825271999630786,61410.56922000007,3286010.417371029
1660491556,200,,Aggregated,8.000000,2.500000,8900,16000,21000,24000,31000,35000,40000,44000,56000,61000,61000,3451,858,8900.0,12914.754430639512,3.825271999630786,61410.56922000007,3267631.4407418137
1660491557,200,,Aggregated,8.000000,2.500000,8900,16000,21000,24000,31000,35000,40000,44000,56000,61000,61000,3451,858,8900.0,12914.754430639512,3.825271999630786,61410.56922000007,3267631.4407418137
1660491558,200,,Aggregated,8.000000,2.500000,8900,16000,21000,24000,31000,35000,40000,44000,56000,61000,61000,3451,858,8900.0,12914.754430639512,3.825271999630786,61410.56922000007,3267631.4407418137
1660491559,200,,Aggregated,8.000000,2.500000,8900,16000,21000,24000,31000,35000,40000,44000,56000,61000,61000,3451,858,8900.0,12914.754430639512,3.825271999630786,61410.56922000007,3267631.4407418137
1660491560,200,,Aggregated,8.000000,2.500000,8900,16000,21000,24000,31000,35000,40000,44000,56000,61000,61000,3451,858,8900.0,12914.754430639512,3.825271999630786,61410.56922000007,3267631.4407418137
1660491561,200,,Aggregated,6.200000,1.400000,8900,16000,21000,25000,32000,35000,40000,44000,56000,61000,61000,3476,867,8900.0,13003.762418686407,3.825271999630786,61410.56922000007,3284369.918296893
1660491562,200,,Aggregated,6.200000,1.400000,8900,16000,21000,25000,32000,35000,40000,44000,56000,61000,61000,3476,867,8900.0,13003.762418686407,3.825271999630786,61410.56922000007,3284369.918296893
1660491563,200,,Aggregated,6.200000,1.400000,9000,16000,21000,25000,32000,36000,40000,44000,56000,61000,61000,3495,870,9000.0,13091.20651195735,3.825271999630786,61410.56922000007,3298490.68583691
1660491564,200,,Aggregated,6.200000,1.400000,9000,16000,21000,25000,32000,36000,40000,44000,56000,61000,61000,3495,870,9000.0,13091.20651195735,3.825271999630786,61410.56922000007,3298490.68583691
1660491565,200,,Aggregated,6.200000,1.400000,9000,16000,21000,25000,32000,36000,40000,44000,56000,61000,61000,3495,870,9000.0,13091.20651195735,3.825271999630786,61410.56922000007,3298490.68583691
1660491566,200,,Aggregated,6.200000,1.400000,9000,16000,21000,25000,32000,36000,40000,44000,56000,61000,61000,3495,870,9000.0,13091.20651195735,3.825271999630786,61410.56922000007,3298490.68583691
1660491567,200,,Aggregated,6.400000,1.600000,9000,16000,21000,25000,32000,36000,40000,44000,56000,61000,61000,3512,877,9000.0,13152.109286311208,3.825271999630786,61410.56922000007,3306455.874145786
1660491568,200,,Aggregated,6.400000,1.600000,9000,16000,21000,25000,32000,36000,40000,44000,56000,61000,61000,3512,877,9000.0,13152.109286311208,3.825271999630786,61410.56922000007,3306455.874145786
1660491569,200,,Aggregated,6.400000,1.600000,9000,16000,21000,25000,32000,36000,40000,44000,56000,61000,61000,3512,877,9000.0,13152.109286311208,3.825271999630786,61410.56922000007,3306455.874145786
1660491570,200,,Aggregated,6.100000,1.900000,9100,16000,21000,25000,32000,36000,40000,44000,56000,61000,61000,3543,885,9100.0,13254.495299080712,3.825271999630786,61410.56922000007,3293787.547558566
1660491571,200,,Aggregated,6.100000,1.900000,9100,16000,21000,25000,32000,36000,40000,44000,56000,61000,61000,3546,885,9100.0,13243.314671556675,3.825271999630786,61410.56922000007,3291085.6404399322
1660491572,200,,Aggregated,6.100000,1.900000,9100,16000,21000,25000,32000,36000,40000,44000,56000,61000,61000,3549,886,9100.0,13232.41311815271,3.825271999630786,61410.56922000007,3292273.296985066
1660491573,200,,Aggregated,9.200000,2.700000,9200,16000,21000,25000,32000,36000,40000,44000,56000,61000,61000,3569,891,9200.0,13288.485429169787,3.825271999630786,61410.56922000007,3305188.3754553096
1660491574,200,,Aggregated,7.300000,1.900000,9100,16000,21000,25000,32000,36000,40000,44000,56000,61000,61000,3577,894,9100.0,13260.232996523058,3.825271999630786,61410.56922000007,3305698.4942689403
1660491575,200,,Aggregated,7.400000,2.100000,9200,16000,21000,25000,32000,36000,40000,44000,56000,61000,61000,3593,899,9200.0,13296.25105199526,3.825271999630786,61410.56922000007,3310558.6200946285
1660491576,200,,Aggregated,7.600000,2.200000,9200,16000,21000,25000,32000,36000,40000,44000,56000,61000,61000,3595,900,9200.0,13289.468793396096,3.825271999630786,61410.56922000007,3312582.2383866482
1660491577,200,,Aggregated,7.600000,2.200000,9200,16000,21000,25000,32000,36000,40000,44000,56000,61000,61000,3598,900,9200.0,13279.01306747692,3.825271999630786,61410.56922000007,3313747.865758755
1660491578,200,,Aggregated,9.500000,2.900000,9100,16000,21000,25000,32000,36000,40000,44000,56000,61000,61000,3603,901,9100.0,13262.220903131545,3.825271999630786,61410.56922000007,3316927.3719122955
1660491579,200,,Aggregated,9.800000,2.900000,9100,16000,21000,25000,32000,36000,40000,44000,56000,61000,61000,3608,903,9100.0,13244.76858388081,3.825271999630786,61410.56922000007,3316291.7175720623
1660491580,200,,Aggregated,9.100000,2.400000,9200,16000,22000,25000,32000,37000,40000,44000,56000,61000,61000,3632,910,9200.0,13312.543697156923,3.825271999630786,61410.56922000007,3313957.36811674
1660491581,200,,Aggregated,9.100000,2.400000,9200,17000,22000,25000,33000,37000,41000,44000,56000,61000,61000,3660,917,9200.0,13416.845086965834,3.825271999630786,61410.56922000007,3315698.6193989073
1660491582,200,,Aggregated,8.800000,2.400000,9200,17000,22000,25000,33000,37000,41000,44000,56000,61000,61000,3670,922,9200.0,13410.485377099983,3.825271999630786,61410.56922000007,3314327.611989101
1660491583,200,,Aggregated,11.400000,3.200000,9200,17000,22000,25000,33000,37000,41000,44000,56000,61000,61000,3674,922,9200.0,13396.54964005578,3.825271999630786,61410.56922000007,3318346.2588459444
